date,energy_consumption
2020-01-01,78.7319122990381
2020-01-02,56.271066057914936
2020-01-03,49.852223442722895
2020-01-04,44.859355037987285
2020-01-05,50.72813644896083
2020-01-06,46.93029019559462
2020-01-07,54.20907882387816
2020-01-08,54.35408158670998
2020-01-09,53.53936453071047
2020-01-10,53.29182995773634
2020-01-11,49.02173737011289
2020-01-12,49.71998726596042
2020-01-13,51.010387054686376
2020-01-14,54.63088653410586
2020-01-15,57.42096329545234
2020-01-16,55.40816503173714
2020-01-17,53.53684550321035
2020-01-18,47.32268025060495
2020-01-19,49.012906925936754
2020-01-20,51.08773960522961
2020-01-21,58.76418577978455
2020-01-22,60.25362426147843
2020-01-23,54.698994784031306
2020-01-24,52.57272007197763
2020-01-25,44.94335103385779
2020-01-26,53.3140383344026
2020-01-27,53.820395354299315
2020-01-28,59.4938687315252
2020-01-29,59.927787626908135
2020-01-30,56.79321516439071
2020-01-31,53.421195541384456
2020-02-01,49.61054055090594
2020-02-02,49.440184257081825
2020-02-03,57.811698947268944
2020-02-04,62.508241969256716
2020-02-05,59.86824038407478
2020-02-06,56.04333176006393
2020-02-07,53.84573367926074
2020-02-08,48.65468376965805
2020-02-09,52.468578975738424
2020-02-10,55.642538710612385
2020-02-11,62.168489131755486
2020-02-12,61.882033450436104
2020-02-13,58.94410127779885
2020-02-14,55.42928184621464
2020-02-15,53.84611567123814
2020-02-16,57.21088015657685
2020-02-17,57.57914482313334
2020-02-18,60.531877513916164
2020-02-19,60.25689384434453
2020-02-20,59.544108430188764
2020-02-21,59.15292843369555
2020-02-22,54.300557290071794
2020-02-23,56.60297196288441
2020-02-24,61.68953562214972
2020-02-25,65.39523874375908
2020-02-26,61.4824101626037
2020-02-27,57.07189645611421
2020-02-28,56.78866999617695
2020-02-29,57.011831121603166
2020-03-01,58.051029562723784
2020-03-02,60.003014478289494
2020-03-03,68.31007617733506
2020-03-04,63.745350530560245
2020-03-05,58.66496649692616
2020-03-06,58.19355513669802
2020-03-07,55.100484420377164
2020-03-08,55.96922845470791
2020-03-09,59.525612690631554
2020-03-10,63.66964734942656
2020-03-11,66.55160147404595
2020-03-12,62.00117771703415
2020-03-13,57.13406557268014
2020-03-14,56.254036099797695
2020-03-15,58.645674505055936
2020-03-16,61.827277726515405
2020-03-17,67.16784452207027
2020-03-18,64.87416368376729
2020-03-19,65.86039404773504
2020-03-20,57.78179027407575
2020-03-21,52.93715318566715
2020-03-22,58.03340366395492
2020-03-23,62.83185753444601
2020-03-24,67.21945911651562
2020-03-25,66.90326765378784
2020-03-26,65.47158478298739
2020-03-27,56.708024195728456
2020-03-28,54.66368095295372
2020-03-29,58.93664689445679
2020-03-30,60.91647470101891
2020-03-31,64.31538468149091
2020-04-01,63.63506152973348
2020-04-02,63.13777396744375
2020-04-03,56.874903025117064
2020-04-04,55.793902593422374
2020-04-05,55.47409433393519
2020-04-06,60.3692124114788
2020-04-07,62.21895021080455
2020-04-08,65.0062669571378
2020-04-09,60.02630797229574
2020-04-10,57.26285074522597
2020-04-11,55.17818601933995
2020-04-12,54.402676053472035
2020-04-13,63.777667704940704
2020-04-14,61.535890524464705
2020-04-15,64.11137618376749
2020-04-16,63.28813857819037
2020-04-17,56.323091169735854
2020-04-18,56.38752674035682
2020-04-19,55.71083015857103
2020-04-20,61.61758441818643
2020-04-21,63.23656803942458
2020-04-22,63.95678443147249
2020-04-23,65.50231431227527
2020-04-24,58.96416336567958
2020-04-25,53.45607125506554
2020-04-26,56.36141075923688
2020-04-27,59.530619569813716
2020-04-28,63.08217792436443
2020-04-29,66.39458988736715
2020-04-30,61.89249659481657
2020-05-01,59.239376766133674
2020-05-02,57.47514344100213
2020-05-03,56.31016726812678
2020-05-04,59.578446526043855
2020-05-05,69.73770469480412
2020-05-06,63.13354946142782
2020-05-07,63.62464402498139
2020-05-08,58.279266752624004
2020-05-09,52.98318303408497
2020-05-10,57.54673119407588
2020-05-11,60.544062537826825
2020-05-12,60.280549367206426
2020-05-13,62.690833493023604
2020-05-14,60.38414276780927
2020-05-15,56.75972149277641
2020-05-16,55.75856645255748
2020-05-17,54.18681124160873
2020-05-18,57.60868464535637
2020-05-19,62.52986036624614
2020-05-20,61.51251858894992
2020-05-21,60.78353418515385
2020-05-22,55.78532887682812
2020-05-23,49.549968383118866
2020-05-24,54.58193194018278
2020-05-25,58.69952653356146
2020-05-26,62.88030535863494
2020-05-27,60.86349029475497
2020-05-28,57.4756008156914
2020-05-29,55.274783818259124
2020-05-30,51.957667777556544
2020-05-31,49.15003429541772
2020-06-01,55.92124343972657
2020-06-02,62.9880115674741
2020-06-03,63.49602763057194
2020-06-04,61.42120099007637
2020-06-05,52.588942442430756
2020-06-06,52.96252958530972
2020-06-07,51.48362724927288
2020-06-08,58.17617986603119
2020-06-09,62.082228010228434
2020-06-10,58.11082549345403
2020-06-11,57.53307135543166
2020-06-12,49.19872244399579
2020-06-13,47.926423809042916
2020-06-14,51.29590723773985
2020-06-15,55.67525141997013
2020-06-16,60.743093896301374
2020-06-17,59.819503983342166
2020-06-18,54.04288771319804
2020-06-19,51.689385603914445
2020-06-20,50.16085046819955
2020-06-21,47.41618641709748
2020-06-22,54.06500784776994
2020-06-23,54.79824041063885
2020-06-24,56.64842958278645
2020-06-25,54.83292744958497
2020-06-26,49.24175338262372
2020-06-27,50.7652504586276
2020-06-28,50.5003137289206
2020-06-29,51.29360846272239
2020-06-30,54.73935163634757
2020-07-01,53.22987117253483
2020-07-02,49.763517214543015
2020-07-03,48.37184649945872
2020-07-04,43.99310313975004
2020-07-05,46.30603427012258
2020-07-06,51.66129734465797
2020-07-07,55.65489417120602
2020-07-08,56.409723299533155
2020-07-09,53.45790848364923
2020-07-10,44.95491978307537
2020-07-11,45.91906976729325
2020-07-12,45.95178798784772
2020-07-13,51.32077483788632
2020-07-14,53.80067362540293
2020-07-15,55.81672682270008
2020-07-16,51.95748881634782
2020-07-17,47.49599923996636
2020-07-18,47.58249829018062
2020-07-19,46.919335057985386
2020-07-20,48.53317201561718
2020-07-21,51.70619105524392
2020-07-22,53.75434643364204
2020-07-23,47.384585424070565
2020-07-24,47.16751724944071
2020-07-25,41.50653991550585
2020-07-26,42.46761025623616
2020-07-27,48.7509681201772
2020-07-28,49.238986401789326
2020-07-29,54.73186541734212
2020-07-30,50.75756346757524
2020-07-31,45.80213075583352
2020-08-01,41.09951330115068
2020-08-02,42.26188013201654
2020-08-03,46.09650194242085
2020-08-04,50.152698070190674
2020-08-05,54.43362472032346
2020-08-06,47.601383347855354
2020-08-07,44.79955825573312
2020-08-08,40.56487891468678
2020-08-09,42.75697513628716
2020-08-10,47.45925190385357
2020-08-11,45.816054625201104
2020-08-12,51.028665029415144
2020-08-13,45.91267496323068
2020-08-14,44.00038623658961
2020-08-15,37.73109759353656
2020-08-16,43.166797879064035
2020-08-17,44.03681845363731
2020-08-18,49.29293552685067
2020-08-19,51.929415770877775
2020-08-20,47.46605328001
2020-08-21,39.35317497953098
2020-08-22,38.30431425735604
2020-08-23,38.775330321988754
2020-08-24,45.663319419909996
2020-08-25,43.23786639866695
2020-08-26,48.71546781273191
2020-08-27,44.877432228453245
2020-08-28,42.723356100664645
2020-08-29,34.179076812322336
2020-08-30,43.15228335850398
2020-08-31,44.55562557966933
2020-09-01,45.43763624456769
2020-09-02,49.875710720688886
2020-09-03,46.80673243421353
2020-09-04,39.76684517866561
2020-09-05,38.7794061647376
2020-09-06,40.870118278659305
2020-09-07,43.54942814047844
2020-09-08,48.22128859279473
2020-09-09,43.8433497755699
2020-09-10,47.74496481751028
2020-09-11,43.8964455668474
2020-09-12,40.72931015254645
2020-09-13,36.06621875972987
2020-09-14,43.96055868788115
2020-09-15,47.6240885506422
2020-09-16,50.177021176157794
2020-09-17,45.50060100855215
2020-09-18,40.91654112009462
2020-09-19,35.63230835763235
2020-09-20,39.91618474525626
2020-09-21,41.0031054326048
2020-09-22,45.72183151761979
2020-09-23,45.26281558149119
2020-09-24,47.861859109483206
2020-09-25,40.624468526316726
2020-09-26,38.61239475423883
2020-09-27,37.39534936185903
2020-09-28,45.035825704079066
2020-09-29,40.82362161084744
2020-09-30,48.07710985769789
2020-10-01,42.73548853729409
2020-10-02,38.42449620572982
2020-10-03,39.58120998256783
2020-10-04,40.46965208361287
2020-10-05,45.783622387656465
2020-10-06,51.39121898936757
2020-10-07,46.11956849304113
2020-10-08,45.41824739993323
2020-10-09,41.2333608248338
2020-10-10,39.37848281893667
2020-10-11,38.48054466537124
2020-10-12,44.38574199751404
2020-10-13,46.680605928975574
2020-10-14,46.24490238171804
2020-10-15,44.02318447170931
2020-10-16,41.403259551993216
2020-10-17,36.474814812660505
2020-10-18,39.64724665508486
2020-10-19,40.88018559463396
2020-10-20,48.54994830200603
2020-10-21,49.82736216602174
2020-10-22,46.69140872969083
2020-10-23,43.92776306776526
2020-10-24,42.87584086054396
2020-10-25,40.31012987292189
2020-10-26,47.467698592029876
2020-10-27,49.57369721858403
2020-10-28,46.909050728940976
2020-10-29,46.362025971908814
2020-10-30,40.00553382862213
2020-10-31,40.992723826390005
2020-11-01,41.878660531058294
2020-11-02,43.13676835468109
2020-11-03,50.9381474984976
2020-11-04,48.14852687172635
2020-11-05,47.02780954412446
2020-11-06,41.99415515869604
2020-11-07,42.14676007717022
2020-11-08,41.82222272356877
2020-11-09,44.484768009916436
2020-11-10,48.337338041255265
2020-11-11,49.70431579340268
2020-11-12,49.51611374667045
2020-11-13,43.089471022283796
2020-11-14,41.49719818775793
2020-11-15,40.15456746956521
2020-11-16,47.05045911978921
2020-11-17,51.79115753632562
2020-11-18,51.62478937777496
2020-11-19,53.30647820048476
2020-11-20,46.68776536849116
2020-11-21,42.270221690278596
2020-11-22,41.741021437709584
2020-11-23,49.636813202495105
2020-11-24,52.491181653695996
2020-11-25,54.671161874071004
2020-11-26,50.26480893761346
2020-11-27,45.59454770220702
2020-11-28,41.74374056597555
2020-11-29,45.055353073631714
2020-11-30,47.481427785604396
2020-12-01,53.664593535882986
2020-12-02,53.265096446872185
2020-12-03,53.17987644320802
2020-12-04,43.8261784576437
2020-12-05,45.513388247158424
2020-12-06,46.55061310638048
2020-12-07,50.99115528369561
2020-12-08,56.13940531267798
2020-12-09,54.1399173020462
2020-12-10,54.86150631459613
2020-12-11,44.6088651049193
2020-12-12,47.07828832244155
2020-12-13,47.57776749155467
2020-12-14,53.172624888565316
2020-12-15,54.365150106605824
2020-12-16,54.85748774985116
2020-12-17,54.984852550691976
2020-12-18,48.941355028097284
2020-12-19,44.116692883809854
2020-12-20,49.34888575515878
2020-12-21,51.78116909764021
2020-12-22,53.732733638772046
2020-12-23,57.01094207189485
2020-12-24,55.924028711504334
2020-12-25,72.61648896176342
2020-12-26,47.302684871979366
2020-12-27,45.82611181456448
2020-12-28,54.54716002690369
2020-12-29,55.8026772308814
2020-12-30,56.77927530715093
2020-12-31,57.16587877424898
2021-01-01,71.30376689411978
2021-01-02,54.38652101301847
2021-01-03,50.17699051118584
2021-01-04,52.76810888790253
2021-01-05,63.482240706312936
2021-01-06,58.11977534370164
2021-01-07,58.38119243817483
2021-01-08,52.72066892219527
2021-01-09,47.591181652642426
2021-01-10,47.58278458006572
2021-01-11,52.88403728967396
2021-01-12,63.66387395675244
2021-01-13,61.43874521594186
2021-01-14,60.74144782764995
2021-01-15,54.95072994010883
2021-01-16,51.36689055517323
2021-01-17,53.736811939512144
2021-01-18,57.99540501256912
2021-01-19,65.96779985494878
2021-01-20,62.93668973832075
2021-01-21,57.026087867123316
2021-01-22,52.02217577263436
2021-01-23,52.88956003844735
2021-01-24,55.54740993559641
2021-01-25,58.41760044991997
2021-01-26,61.35133849655872
2021-01-27,61.48446299901468
2021-01-28,63.925224482944536
2021-01-29,55.930127089934714
2021-01-30,53.97626460767549
2021-01-31,56.96964115323555
2021-02-01,59.083421695793746
2021-02-02,64.09955900193918
2021-02-03,65.42668191827083
2021-02-04,62.31611560496024
2021-02-05,56.30893163576961
2021-02-06,55.64429125728811
2021-02-07,56.041550098905255
2021-02-08,59.16209044019355
2021-02-09,64.80624460270505
2021-02-10,67.52174223446644
2021-02-11,63.780444316875496
2021-02-12,59.13912254229557
2021-02-13,58.056273632394976
2021-02-14,59.5158353678253
2021-02-15,63.446208127004624
2021-02-16,69.35641874508156
2021-02-17,70.45630114016053
2021-02-18,64.42564829167236
2021-02-19,59.650948501859816
2021-02-20,54.16085460629117
2021-02-21,56.93738894868903
2021-02-22,61.19698275786522
2021-02-23,67.50120218770459
2021-02-24,67.64929464616513
2021-02-25,66.87801064728528
2021-02-26,60.47648114602578
2021-02-27,58.310446098369795
2021-02-28,58.92349460506843
2021-03-01,62.16944191903759
2021-03-02,63.82447642413367
2021-03-03,67.14153476653338
2021-03-04,63.17933544422876
2021-03-05,61.16585645817044
2021-03-06,57.76003523171498
2021-03-07,58.13463984940043
2021-03-08,66.15284931442794
2021-03-09,69.13325749231778
2021-03-10,68.90693335630147
2021-03-11,63.03074545107403
2021-03-12,61.93271319604317
2021-03-13,62.316368514545275
2021-03-14,59.870332243995236
2021-03-15,63.37438034523414
2021-03-16,70.57777210573914
2021-03-17,69.34115909753123
2021-03-18,65.65120821825516
2021-03-19,65.50682694369684
2021-03-20,58.2050750092586
2021-03-21,58.585193077214015
2021-03-22,64.12127062805443
2021-03-23,70.17009983723581
2021-03-24,69.452265105835
2021-03-25,68.92566014854849
2021-03-26,61.37526842086947
2021-03-27,59.8420888757631
2021-03-28,57.531765285346125
2021-03-29,62.87239547770664
2021-03-30,67.89747982063992
2021-03-31,68.61821785643421
2021-04-01,64.50622275422562
2021-04-02,60.04782265387849
2021-04-03,60.59337973005041
2021-04-04,62.517013466842066
2021-04-05,61.56106007395485
2021-04-06,67.68403705332709
2021-04-07,69.54496458086675
2021-04-08,67.31608685698062
2021-04-09,64.74893309988438
2021-04-10,63.06112530655116
2021-04-11,62.392778589327925
2021-04-12,63.32056006363256
2021-04-13,66.91098905590631
2021-04-14,70.87786346964737
2021-04-15,65.94369211597248
2021-04-16,64.23989691263395
2021-04-17,56.53230156931014
2021-04-18,58.79087724724228
2021-04-19,65.56043558118296
2021-04-20,67.01558983571324
2021-04-21,71.61502605861361
2021-04-22,67.4787409893328
2021-04-23,60.86376243587949
2021-04-24,56.29661009663626
2021-04-25,59.016614568397436
2021-04-26,62.69592866167195
2021-04-27,68.81461220497589
2021-04-28,69.56373919827148
2021-04-29,66.00550764627883
2021-04-30,61.24394024663415
2021-05-01,60.93638084256551
2021-05-02,59.84654602195623
2021-05-03,62.874280358351065
2021-05-04,69.57646325834932
2021-05-05,69.285501506255
2021-05-06,64.04495084707168
2021-05-07,58.292943535506176
2021-05-08,57.104977129583126
2021-05-09,58.7088514209448
2021-05-10,65.73399275350421
2021-05-11,68.37528775223156
2021-05-12,67.77548304663
2021-05-13,64.26640841094152
2021-05-14,58.466161948342865
2021-05-15,58.79825921312802
2021-05-16,57.01959126219216
2021-05-17,63.22736298828147
2021-05-18,65.8963228524268
2021-05-19,65.14091357293172
2021-05-20,59.48783502171711
2021-05-21,58.13336016637642
2021-05-22,57.64655241812614
2021-05-23,57.835522541975365
2021-05-24,60.54203318296934
2021-05-25,62.084291558923695
2021-05-26,65.08083877594973
2021-05-27,59.344550933547396
2021-05-28,56.639889430678494
2021-05-29,54.115417745918755
2021-05-30,55.61254726216063
2021-05-31,64.37290891117243
2021-06-01,64.39614719766769
2021-06-02,66.28583816298385
2021-06-03,62.70340934830894
2021-06-04,53.816632171217194
2021-06-05,58.667977643491014
2021-06-06,56.7626093243955
2021-06-07,59.74660920989121
2021-06-08,64.0954787313452
2021-06-09,65.05382691206648
2021-06-10,57.282993801851234
2021-06-11,55.95547769876059
2021-06-12,52.08117985902783
2021-06-13,51.55374088743723
2021-06-14,59.2944310794863
2021-06-15,57.875573749159855
2021-06-16,61.217967374781395
2021-06-17,63.075889074330384
2021-06-18,55.67470364769703
2021-06-19,51.72451954530879
2021-06-20,54.242554461400424
2021-06-21,60.598371256772566
2021-06-22,60.940841052392905
2021-06-23,58.37756865864399
2021-06-24,53.698542191206656
2021-06-25,56.55097418771133
2021-06-26,52.143002978533644
2021-06-27,54.47063702873078
2021-06-28,60.34040849279753
2021-06-29,61.194423699296344
2021-06-30,60.498099014022486
2021-07-01,59.37684228409983
2021-07-02,53.883465421666656
2021-07-03,52.07245650969771
2021-07-04,45.15246366208703
2021-07-05,56.209961903973564
2021-07-06,55.96580547252508
2021-07-07,60.501547077616415
2021-07-08,58.03881209128351
2021-07-09,52.48839950059832
2021-07-10,50.63324403432253
2021-07-11,49.59708862616213
2021-07-12,53.51824334110163
2021-07-13,56.52689936343462
2021-07-14,57.52821864027078
2021-07-15,54.6598076870209
2021-07-16,51.77041595604516
2021-07-17,49.83169634739126
2021-07-18,47.319207668659146
2021-07-19,55.8330311213096
2021-07-20,55.786339889356405
2021-07-21,54.95142425643257
2021-07-22,54.37439496900215
2021-07-23,47.61688901047427
2021-07-24,46.19278769048952
2021-07-25,49.73311033339706
2021-07-26,50.47818195649227
2021-07-27,52.47341368927167
2021-07-28,58.6725136634931
2021-07-29,52.041093825163024
2021-07-30,46.757587549541164
2021-07-31,45.53937140954856
2021-08-01,48.78424207778345
2021-08-02,51.971222401199675
2021-08-03,51.371245516037916
2021-08-04,54.99402794714729
2021-08-05,50.92411776312578
2021-08-06,49.72777935321343
2021-08-07,44.7611288669855
2021-08-08,46.85166500363318
2021-08-09,50.370255944636774
2021-08-10,52.87654687223871
2021-08-11,55.6681291527206
2021-08-12,50.77399747489338
2021-08-13,45.391383738612426
2021-08-14,42.958738180713354
2021-08-15,42.84100481494849
2021-08-16,48.04484940259617
2021-08-17,53.40393415029302
2021-08-18,52.08865811462131
2021-08-19,54.053938168854565
2021-08-20,44.16508535555048
2021-08-21,43.172930609862014
2021-08-22,42.49638832231416
2021-08-23,44.18623502467695
2021-08-24,47.82467955571071
2021-08-25,52.25836418950181
2021-08-26,50.50648412004234
2021-08-27,46.615802134591334
2021-08-28,45.23634309949872
2021-08-29,45.31585329219899
2021-08-30,48.915189966912564
2021-08-31,50.52833404866382
2021-09-01,50.73596268208685
2021-09-02,49.78039084724935
2021-09-03,44.05330242429413
2021-09-04,42.240063243014674
2021-09-05,43.413307620315344
2021-09-06,47.8201205274813
2021-09-07,49.49776933031735
2021-09-08,51.368192068743454
2021-09-09,50.851655718525535
2021-09-10,47.3021147135081
2021-09-11,42.09635026607254
2021-09-12,44.723822950746865
2021-09-13,46.823088437135716
2021-09-14,53.396108654531965
2021-09-15,53.08971358416629
2021-09-16,50.563044440457524
2021-09-17,42.69323752049762
2021-09-18,42.22193997007594
2021-09-19,42.24071616948581
2021-09-20,44.97562814023213
2021-09-21,50.271557387427734
2021-09-22,51.125148752359706
2021-09-23,47.81389362093124
2021-09-24,46.13247336740569
2021-09-25,43.67392352538714
2021-09-26,43.39208623596514
2021-09-27,48.48263291526633
2021-09-28,52.48203391579828
2021-09-29,52.37278464720296
2021-09-30,46.723415235453004
2021-10-01,44.206861567646484
2021-10-02,42.11914435525222
2021-10-03,45.78487004427863
2021-10-04,44.06532200846625
2021-10-05,49.58065759111925
2021-10-06,49.84012930466914
2021-10-07,47.868803191688535
2021-10-08,43.59591206106468
2021-10-09,40.206528730562674
2021-10-10,45.420206374714446
2021-10-11,45.94960701789563
2021-10-12,53.10185873969525
2021-10-13,51.73237865272185
2021-10-14,45.38730678250364
2021-10-15,46.364731052075975
2021-10-16,39.38447828445351
2021-10-17,43.525597162724594
2021-10-18,50.38241515743461
2021-10-19,50.571955096468216
2021-10-20,53.03334220326427
2021-10-21,50.00202382294062
2021-10-22,42.549966184663596
2021-10-23,44.2499965794339
2021-10-24,42.56556455041058
2021-10-25,49.239538567742116
2021-10-26,53.151699099634826
2021-10-27,52.04989971151591
2021-10-28,53.43429598402797
2021-10-29,45.4866739987079
2021-10-30,45.00275349313378
2021-10-31,41.992492463146085
2021-11-01,52.856760599079024
2021-11-02,54.57494806856158
2021-11-03,52.07173117705813
2021-11-04,47.372546270183484
2021-11-05,45.55113903159414
2021-11-06,44.98291758397445
2021-11-07,46.038100711063265
2021-11-08,48.339528055018825
2021-11-09,51.84910007011022
2021-11-10,53.030704703670736
2021-11-11,49.04681926085941
2021-11-12,46.75081750318744
2021-11-13,47.16460534451228
2021-11-14,44.28048010124149
2021-11-15,49.14528415862782
2021-11-16,57.131389614649464
2021-11-17,55.94748701604072
2021-11-18,50.975269057627585
2021-11-19,48.53600097041077
2021-11-20,43.42956886089376
2021-11-21,46.333105968370354
2021-11-22,51.642568356051136
2021-11-23,53.91178023265474
2021-11-24,57.927236280054366
2021-11-25,52.33278953010749
2021-11-26,48.44312556634362
2021-11-27,49.026823670221354
2021-11-28,44.16636749014174
2021-11-29,54.19086093253077
2021-11-30,56.57744617634376
2021-12-01,58.39784345858506
2021-12-02,53.5940157115059
2021-12-03,50.16134731599362
2021-12-04,48.58450706963806
2021-12-05,51.17200899403353
2021-12-06,53.15158365409468
2021-12-07,56.73239182948694
2021-12-08,56.99222097563751
2021-12-09,57.37703961550128
2021-12-10,47.86364452608813
2021-12-11,48.95557944371518
2021-12-12,48.94060264622042
2021-12-13,52.65563009427073
2021-12-14,55.59522890578277
2021-12-15,56.97279411755275
2021-12-16,58.70528640543571
2021-12-17,53.19001680855481
2021-12-18,49.500743766897365
2021-12-19,49.0189486648695
2021-12-20,56.145221536225804
2021-12-21,60.21735139633461
2021-12-22,60.22023922695472
2021-12-23,60.54876445467464
2021-12-24,51.66685982257119
2021-12-25,74.10896564762112
2021-12-26,54.228295876295476
2021-12-27,57.64441559376101
2021-12-28,62.746628992118495
2021-12-29,63.12002476268842
2021-12-30,59.96605292374416
2021-12-31,52.29052554428479
2022-01-01,73.2270853882689
2022-01-02,51.898221655366456
2022-01-03,59.332028040311314
2022-01-04,60.80016351422681
2022-01-05,61.20645821654885
2022-01-06,60.06122107242785
2022-01-07,55.116462194937355
2022-01-08,53.00409086156867
2022-01-09,54.95144674807661
2022-01-10,57.20035733837092
2022-01-11,62.02250650279586
2022-01-12,64.03641368135276
2022-01-13,63.6358032880972
2022-01-14,54.251849059921575
2022-01-15,55.21909990025516
2022-01-16,58.26235814802549
2022-01-17,58.6561313722729
2022-01-18,62.677737963185585
2022-01-19,63.91662180117097
2022-01-20,64.96497242241092
2022-01-21,59.76878874810717
2022-01-22,59.940188556194
2022-01-23,60.877687859000964
2022-01-24,61.16273616964808
2022-01-25,64.5929334749726
2022-01-26,66.71874531408105
2022-01-27,64.80676244938748
2022-01-28,58.21310526992491
2022-01-29,58.4577811931515
2022-01-30,57.061975810430404
2022-01-31,58.703957522408494
2022-02-01,63.91704686278271
2022-02-02,66.5389877695141
2022-02-03,65.63902345264209
2022-02-04,59.8577244981855
2022-02-05,57.58038599002215
2022-02-06,60.910984832088594
2022-02-07,64.86247528192943
2022-02-08,65.18469863957505
2022-02-09,69.12296086794534
2022-02-10,63.4569005554211
2022-02-11,63.00561880120051
2022-02-12,59.23501528463585
2022-02-13,62.414845945207375
2022-02-14,66.08998027687417
2022-02-15,68.58070177272432
2022-02-16,67.74726355886982
2022-02-17,67.14959474819423
2022-02-18,63.159312048449216
2022-02-19,58.29073310846721
2022-02-20,59.264096171486074
2022-02-21,68.81774033036625
2022-02-22,71.56690745341733
2022-02-23,70.69700751321074
2022-02-24,66.85765566564986
2022-02-25,63.55931742455123
2022-02-26,62.11945159466463
2022-02-27,63.95840058573881
2022-02-28,70.54131239357783
2022-03-01,68.13644642632272
2022-03-02,72.89119787429993
2022-03-03,67.12922020916389
2022-03-04,69.18123616675898
2022-03-05,63.30712298215281
2022-03-06,63.78928016131442
2022-03-07,69.02161633761365
2022-03-08,71.9112538738485
2022-03-09,71.1997574384662
2022-03-10,71.28406163935297
2022-03-11,66.67816356758226
2022-03-12,64.50055080293575
2022-03-13,63.51172615266135
2022-03-14,68.1639446464598
2022-03-15,70.9915975785695
2022-03-16,72.35216900645597
2022-03-17,67.80492916351314
2022-03-18,66.6613227030265
2022-03-19,64.4608983824652
2022-03-20,67.53411900314532
2022-03-21,66.65802099602145
2022-03-22,73.13209778408644
2022-03-23,76.3931863465436
2022-03-24,73.44121371602013
2022-03-25,64.09015385415181
2022-03-26,63.05733952936693
2022-03-27,62.149230502324116
2022-03-28,67.85693128477484
2022-03-29,72.59864415510464
2022-03-30,69.97243858027839
2022-03-31,67.66671168869271
2022-04-01,66.5564558854733
2022-04-02,62.576269168222716
2022-04-03,65.30619477325173
2022-04-04,72.06075727586612
2022-04-05,71.58675325952765
2022-04-06,69.22987477664434
2022-04-07,70.26638212665553
2022-04-08,62.53964661176142
2022-04-09,65.06939376251427
2022-04-10,63.304395612128964
2022-04-11,67.97743458783724
2022-04-12,71.47060266881495
2022-04-13,71.75985305033426
2022-04-14,70.20199293200213
2022-04-15,67.9353322705196
2022-04-16,64.83538611918333
2022-04-17,65.71684036309125
2022-04-18,70.91478850799376
2022-04-19,71.7266958670488
2022-04-20,71.4954179947604
2022-04-21,69.46347444382106
2022-04-22,64.73261366971717
2022-04-23,61.12841785713591
2022-04-24,62.94904044895275
2022-04-25,68.69949348585506
2022-04-26,70.17950471586684
2022-04-27,70.48914586749113
2022-04-28,73.80484596784969
2022-04-29,66.70443386898727
2022-04-30,61.79936690443456
2022-05-01,62.27361440909625
2022-05-02,68.22210768753288
2022-05-03,73.09402554699483
2022-05-04,71.08003423052196
2022-05-05,68.81304369005146
2022-05-06,68.2154853214145
2022-05-07,58.270389574061255
2022-05-08,59.6495424919176
2022-05-09,66.87421650149844
2022-05-10,70.63747612574466
2022-05-11,74.97674847640815
2022-05-12,66.89026943298563
2022-05-13,67.59697906646065
2022-05-14,64.13006657320486
2022-05-15,59.06192050971698
2022-05-16,63.288720473102615
2022-05-17,69.0673875099463
2022-05-18,64.81785471927606
2022-05-19,68.21550604013052
2022-05-20,61.76655981952232
2022-05-21,65.61703929014317
2022-05-22,60.415058429884965
2022-05-23,62.874171911163295
2022-05-24,69.49353747852304
2022-05-25,69.3243906600376
2022-05-26,68.39658074683263
2022-05-27,65.62928402836368
2022-05-28,60.806917645487246
2022-05-29,61.471668898359034
2022-05-30,63.0602106606702
2022-05-31,69.09389973003653
2022-06-01,67.44529190753573
2022-06-02,68.12756453523713
2022-06-03,62.00844722823613
2022-06-04,55.63052491990538
2022-06-05,60.403739713919634
2022-06-06,66.14544025198498
2022-06-07,67.9339877956104
2022-06-08,67.76957190680031
2022-06-09,63.215858395265755
2022-06-10,58.32189102277303
2022-06-11,58.22610956073146
2022-06-12,57.58459121235439
2022-06-13,61.01971788955311
2022-06-14,65.64315673003931
2022-06-15,68.85910118692082
2022-06-16,65.6096846864568
2022-06-17,53.81738498588407
2022-06-18,58.96763312894609
2022-06-19,56.164207346282126
2022-06-20,60.883772098377555
2022-06-21,62.14291902836726
2022-06-22,64.88511110522305
2022-06-23,60.70373659767495
2022-06-24,58.279388713290324
2022-06-25,55.44775210636179
2022-06-26,57.785474112515026
2022-06-27,60.11614567581566
2022-06-28,62.04070895536336
2022-06-29,63.70208430879499
2022-06-30,63.433124719273884
2022-07-01,54.801264257694406
2022-07-02,55.00036404262735
2022-07-03,55.76910735244617
2022-07-04,54.489625330135084
2022-07-05,63.263732444838034
2022-07-06,63.75964400280479
2022-07-07,60.99690041742724
2022-07-08,53.1582170768999
2022-07-09,53.92544694593052
2022-07-10,52.25635973305648
2022-07-11,57.40595706746183
2022-07-12,60.35939493055717
2022-07-13,63.378459932049445
2022-07-14,60.78708415653064
2022-07-15,56.73370884528015
2022-07-16,49.11153436534795
2022-07-17,51.52340777487383
2022-07-18,59.13545084170539
2022-07-19,60.38321782082921
2022-07-20,60.26839162218891
2022-07-21,56.644616622295544
2022-07-22,54.82646818101993
2022-07-23,52.77612646724193
2022-07-24,52.28110410208547
2022-07-25,51.11486621163887
2022-07-26,60.47691712069509
2022-07-27,59.68174117128374
2022-07-28,60.15303316144033
2022-07-29,50.9836995278383
2022-07-30,49.98245909606478
2022-07-31,51.24341994922744
2022-08-01,54.041066393769626
2022-08-02,55.647596119839605
2022-08-03,61.41102584293226
2022-08-04,51.51466667043698
2022-08-05,50.18483787729686
2022-08-06,44.53225034855127
2022-08-07,52.80299659483401
2022-08-08,53.28615612601775
2022-08-09,55.5512593134734
2022-08-10,62.20480351683049
2022-08-11,56.741113233754035
2022-08-12,50.90514083408948
2022-08-13,46.525638948833645
2022-08-14,50.43530571080543
2022-08-15,47.544047361581185
2022-08-16,53.54890639499276
2022-08-17,55.42602726612006
2022-08-18,54.85742704469144
2022-08-19,49.963263299176006
2022-08-20,47.829563611009824
2022-08-21,51.00550051109916
2022-08-22,50.78247852744642
2022-08-23,56.065832086206875
2022-08-24,57.63470015366435
2022-08-25,51.48750977499196
2022-08-26,52.92431656112225
2022-08-27,43.5374942767506
2022-08-28,48.12839314623715
2022-08-29,52.958255567433234
2022-08-30,58.04376898844802
2022-08-31,49.956429515626624
2022-09-01,51.355434736007155
2022-09-02,50.46260734581422
2022-09-03,48.20858844334445
2022-09-04,49.63488552277926
2022-09-05,49.95720055713283
2022-09-06,54.22103298886554
2022-09-07,54.654519891419035
2022-09-08,50.92110750595833
2022-09-09,52.106308844627094
2022-09-10,45.95141297674896
2022-09-11,46.12290341231819
2022-09-12,47.56898147014377
2022-09-13,53.12691237364887
2022-09-14,55.592872716937194
2022-09-15,52.504345829876954
2022-09-16,48.6892392927377
2022-09-17,45.18040990389833
2022-09-18,44.47838369962508
2022-09-19,49.27940512801659
2022-09-20,52.73688930573356
2022-09-21,51.5181016919682
2022-09-22,54.405083376583974
2022-09-23,51.50638740384545
2022-09-24,44.30743027047658
2022-09-25,45.70781262203655
2022-09-26,51.79136076410236
2022-09-27,53.30552024087163
2022-09-28,56.74021087241494
2022-09-29,53.507004330705975
2022-09-30,46.57996482228524
2022-10-01,46.218760071564674
2022-10-02,49.882712381682914
2022-10-03,49.322661566035535
2022-10-04,53.92353015945359
2022-10-05,56.64219869912103
2022-10-06,52.274793944776874
2022-10-07,45.320365017239574
2022-10-08,48.206087400914136
2022-10-09,46.02354267333269
2022-10-10,52.56124919288388
2022-10-11,53.387446045217224
2022-10-12,53.51418147176499
2022-10-13,52.77564011573024
2022-10-14,50.235222197537766
2022-10-15,45.52802480695097
2022-10-16,46.8319267891173
2022-10-17,51.141239860543514
2022-10-18,52.95620955088094
2022-10-19,55.965725886440886
2022-10-20,54.376819969248736
2022-10-21,51.616015923183944
2022-10-22,47.23898201024917
2022-10-23,46.559342497334036
2022-10-24,51.32243936361782
2022-10-25,54.31270777788741
2022-10-26,54.54460797337986
2022-10-27,57.3673996818779
2022-10-28,47.15632648529612
2022-10-29,47.39630837496235
2022-10-30,51.0405665044404
2022-10-31,53.57586391114549
2022-11-01,53.927671570262035
2022-11-02,62.09908941754285
2022-11-03,50.596764192383745
2022-11-04,48.109791841833065
2022-11-05,48.685962603629186
2022-11-06,48.13684935170271
2022-11-07,50.7294649115311
2022-11-08,54.22108764706616
2022-11-09,58.808030914345004
2022-11-10,55.756149050856344
2022-11-11,49.57833632743582
2022-11-12,51.3918120979171
2022-11-13,48.101841027055954
2022-11-14,54.06679524350382
2022-11-15,55.71319090908575
2022-11-16,61.51933976731285
2022-11-17,56.050167389593796
2022-11-18,49.358246606869834
2022-11-19,50.46591641036772
2022-11-20,50.39859678504267
2022-11-21,54.36694827162806
2022-11-22,56.74295955636546
2022-11-23,61.09492261911979
2022-11-24,54.54257769095351
2022-11-25,53.68351741816629
2022-11-26,46.001654215606344
2022-11-27,49.41432861294115
2022-11-28,50.27178495954122
2022-11-29,60.974693706255614
2022-11-30,59.36433132499856
2022-12-01,59.107553571615576
2022-12-02,58.1426169732041
2022-12-03,51.184701091200324
2022-12-04,50.49462635094631
2022-12-05,53.921071802418226
2022-12-06,61.405538758936274
2022-12-07,58.46989059133289
2022-12-08,58.13324080874879
2022-12-09,54.83238737913931
2022-12-10,50.647632146099575
2022-12-11,55.8131039954179
2022-12-12,61.761988280753215
2022-12-13,60.90650917101144
2022-12-14,63.729358779027805
2022-12-15,58.318918271368986
2022-12-16,57.62699859132208
2022-12-17,51.4502038446643
2022-12-18,56.315047629648326
2022-12-19,54.863532322503
2022-12-20,66.02397443384437
2022-12-21,63.2731482506304
2022-12-22,59.46258671927864
2022-12-23,55.9019071417572
2022-12-24,56.08452850300558
2022-12-25,75.81479875805208
2022-12-26,56.720523719433395
2022-12-27,64.26961100718906
2022-12-28,66.73016025933768
2022-12-29,61.97173913557839
2022-12-30,58.1676251236879
2022-12-31,54.769565136196555
2023-01-01,79.84921994255572
2023-01-02,61.18706033716302
2023-01-03,65.54705141794356
2023-01-04,65.55734465852959
2023-01-05,59.976891098603176
2023-01-06,57.165342294009015
2023-01-07,57.95774003326857
2023-01-08,56.88029942165471
2023-01-09,64.26154962908488
2023-01-10,69.64961757358206
2023-01-11,66.77233287582892
2023-01-12,66.12296843778122
2023-01-13,63.43614022762465
2023-01-14,63.98348306201396
2023-01-15,55.9250562378794
2023-01-16,63.26308023212605
2023-01-17,67.46179299596257
2023-01-18,73.25367711294297
2023-01-19,67.75863275759622
2023-01-20,62.96470422372071
2023-01-21,64.74498337933258
2023-01-22,59.512122587133895
2023-01-23,65.34698148514029
2023-01-24,72.37114717716524
2023-01-25,69.32865795708555
2023-01-26,68.65463945794725
2023-01-27,63.938878854091605
2023-01-28,61.57224350071659
2023-01-29,62.3071901733921
2023-01-30,64.61698370088281
2023-01-31,67.79377346820331
2023-02-01,68.99721960416842
2023-02-02,67.07496120992006
2023-02-03,63.647638626670805
2023-02-04,58.53993160063125
2023-02-05,58.546468104055435
2023-02-06,65.94576364506482
2023-02-07,72.83858399299797
2023-02-08,71.00655347497784
2023-02-09,71.75734907878405
2023-02-10,63.844402680125306
2023-02-11,64.10255025115987
2023-02-12,63.132761548836335
2023-02-13,68.16772106862813
2023-02-14,70.34599222098085
2023-02-15,71.83131783106965
2023-02-16,67.38566704636062
2023-02-17,65.73698333071445
2023-02-18,63.21394613867385
2023-02-19,66.36825659285037
2023-02-20,69.03095879402247
2023-02-21,73.612211693379
2023-02-22,76.75510257218637
2023-02-23,69.59531361278509
2023-02-24,67.06509103650319
2023-02-25,64.72219505185312
2023-02-26,64.91555972251584
2023-02-27,69.15941355489302
2023-02-28,75.11739712528619
2023-03-01,75.1489912743806
2023-03-02,72.00505819039466
2023-03-03,68.18620755048006
2023-03-04,64.37854175949342
2023-03-05,66.6312292046134
2023-03-06,69.99507063325709
2023-03-07,74.00941834422508
2023-03-08,80.07196332193621
2023-03-09,72.72895045301209
2023-03-10,69.65371449183432
2023-03-11,67.37404572618667
2023-03-12,67.57858088709825
2023-03-13,71.83133196072994
2023-03-14,75.14366376709414
2023-03-15,70.80437261893529
2023-03-16,72.26480184078004
2023-03-17,69.32954806311298
2023-03-18,66.02420587882669
2023-03-19,65.9966987600386
2023-03-20,71.56747805878642
2023-03-21,72.77535839475094
2023-03-22,76.3684655411437
2023-03-23,73.3379162201331
2023-03-24,68.60000315648723
2023-03-25,67.86048180564931
2023-03-26,68.91671175511223
2023-03-27,68.17965762693022
2023-03-28,72.14867777707758
2023-03-29,74.56100115293236
2023-03-30,76.27950529004713
2023-03-31,68.29634165576508
2023-04-01,64.8820115377619
2023-04-02,65.4298365959957
2023-04-03,71.99547873683443
2023-04-04,77.45298495736779
2023-04-05,75.129518986878
2023-04-06,71.96243007112166
2023-04-07,66.21664454270787
2023-04-08,69.76022544528185
2023-04-09,69.86778640881504
2023-04-10,75.63828410681809
2023-04-11,73.77512981994185
2023-04-12,75.24723646502683
2023-04-13,76.09045781749607
2023-04-14,66.38689055371238
2023-04-15,66.77628792733442
2023-04-16,65.407010065969
2023-04-17,69.89454081378001
2023-04-18,72.09784977225281
2023-04-19,76.06312889187926
2023-04-20,73.6434989022363
2023-04-21,68.23823191541041
2023-04-22,68.53727542934104
2023-04-23,67.0935244261991
2023-04-24,73.90974375785521
2023-04-25,69.30166448352148
2023-04-26,75.49532627275423
2023-04-27,73.5100363690987
2023-04-28,66.76930484265118
2023-04-29,62.20960580126326
2023-04-30,65.3546885799419
2023-05-01,73.08408381365574
2023-05-02,74.81884136578506
2023-05-03,78.87309206555969
2023-05-04,69.15596770696378
2023-05-05,64.99158442574046
2023-05-06,70.39768655795872
2023-05-07,67.26343846692518
2023-05-08,68.00849573179913
2023-05-09,74.62582793220538
2023-05-10,79.53184587039556
2023-05-11,73.03095208748566
2023-05-12,67.67031542678114
2023-05-13,68.22776943417553
2023-05-14,65.06646425818457
2023-05-15,71.64599283066364
2023-05-16,73.86911378206862
2023-05-17,72.1754000408993
2023-05-18,68.50395205189075
2023-05-19,65.56875684830108
2023-05-20,64.90444745633378
2023-05-21,66.29924137141869
2023-05-22,68.9405624068964
2023-05-23,71.45039765822105
2023-05-24,69.78672946740477
2023-05-25,69.44305001465024
2023-05-26,66.85741275096804
2023-05-27,64.16621999435611
2023-05-28,62.2155270939706
2023-05-29,66.68706772434633
2023-05-30,72.8998130895463
2023-05-31,70.52662099003686
2023-06-01,70.19822341884291
2023-06-02,63.6142480862434
2023-06-03,62.500630735412
2023-06-04,60.84656639195787
2023-06-05,65.75638358948876
2023-06-06,72.20194840436808
2023-06-07,72.52738324565736
2023-06-08,71.48910252161352
2023-06-09,62.39206958336153
2023-06-10,62.52019649284864
2023-06-11,59.473769334509015
2023-06-12,62.89867428259158
2023-06-13,71.88474131716296
2023-06-14,70.89350865875731
2023-06-15,66.29724009227884
2023-06-16,64.04123747191423
2023-06-17,58.10139728714119
2023-06-18,61.72585572461827
2023-06-19,65.3359353760462
2023-06-20,68.78712552484802
2023-06-21,66.7936817700192
2023-06-22,69.03363753007008
2023-06-23,63.94323700317064
2023-06-24,57.775097437461326
2023-06-25,58.001747927223285
2023-06-26,63.32270093924572
2023-06-27,68.72755586062102
2023-06-28,69.40316837732705
2023-06-29,61.92244417670884
2023-06-30,58.798387672142304
2023-07-01,59.685367544191855
2023-07-02,57.65724336226328
2023-07-03,59.87868500309295
2023-07-04,66.29983593732224
2023-07-05,63.973976432793584
2023-07-06,64.39819147747923
2023-07-07,60.15085424815185
2023-07-08,57.56838692867335
2023-07-09,57.489961106564216
2023-07-10,55.84543863064413
2023-07-11,63.332390863873925
2023-07-12,68.24967747071695
2023-07-13,60.96963756997033
2023-07-14,56.133308702293334
2023-07-15,55.10695829737606
2023-07-16,59.701178273361556
2023-07-17,59.00684225821483
2023-07-18,67.33088495792012
2023-07-19,64.47625267967814
2023-07-20,63.43372101491553
2023-07-21,54.764291810504666
2023-07-22,59.37064013410895
2023-07-23,56.12740037322759
2023-07-24,58.179283786960205
2023-07-25,59.98368161277738
2023-07-26,63.33964912451511
2023-07-27,63.81300540347296
2023-07-28,54.2658153339863
2023-07-29,54.39811979053447
2023-07-30,55.240665804090966
2023-07-31,58.89730278925921
2023-08-01,63.02568204962282
2023-08-02,62.40181153810229
2023-08-03,58.324758904585366
2023-08-04,55.93993407611566
2023-08-05,55.14906136053531
2023-08-06,49.365387610266986
2023-08-07,56.78498761729317
2023-08-08,61.533991324247246
2023-08-09,61.792994040658165
2023-08-10,57.31368030510667
2023-08-11,56.79877098984249
2023-08-12,47.968374499815155
2023-08-13,53.356948164368895
2023-08-14,58.48934108297348
2023-08-15,60.43917379107465
2023-08-16,62.10512399969861
2023-08-17,58.69440219114728
2023-08-18,52.05198833073835
2023-08-19,49.57673326347182
2023-08-20,52.985794809532976
2023-08-21,55.685828964146054
2023-08-22,60.86746827306012
2023-08-23,64.95000375672188
2023-08-24,57.79899921708825
2023-08-25,54.43007582403155
2023-08-26,51.19781211358338
2023-08-27,52.25192251637421
2023-08-28,51.26420457920156
2023-08-29,57.15841402862253
2023-08-30,60.39669779171678
2023-08-31,55.27532476670624
2023-09-01,52.47705915864414
2023-09-02,48.12836239309891
2023-09-03,47.67570111486311
2023-09-04,57.21961909670051
2023-09-05,58.07090177958702
2023-09-06,62.34429030678041
2023-09-07,56.79595750787446
2023-09-08,48.17855269767593
2023-09-09,51.849839140379785
2023-09-10,52.471586386979176
2023-09-11,51.80976870476077
2023-09-12,58.94157601332783
2023-09-13,59.70828289480147
2023-09-14,56.038777271525205
2023-09-15,53.008888583000804
2023-09-16,50.517000774616776
2023-09-17,50.960811055269616
2023-09-18,52.911433801758115
2023-09-19,57.687536053484216
2023-09-20,56.80749364142593
2023-09-21,54.42705928139794
2023-09-22,46.236336233281996
2023-09-23,50.091028148473285
2023-09-24,50.636493755139
2023-09-25,53.27217122021571
2023-09-26,58.84045678072017
2023-09-27,60.49671933509335
2023-09-28,55.08507790142188
2023-09-29,49.76463607115445
2023-09-30,47.40395242030304
2023-10-01,45.9708081472202
2023-10-02,53.51009698495753
2023-10-03,55.08982170037484
2023-10-04,62.21552436276301
2023-10-05,53.29097367477819
2023-10-06,53.66862776331517
2023-10-07,48.595951076483274
2023-10-08,49.0882846615982
2023-10-09,54.30162165118444
2023-10-10,56.250234329203465
2023-10-11,58.88386316255868
2023-10-12,56.999699579709684
2023-10-13,52.261965018476005
2023-10-14,46.58519215326641
2023-10-15,48.25937369551978
2023-10-16,51.970948324693005
2023-10-17,55.2014465518784
2023-10-18,59.012218997123355
2023-10-19,55.9465691496918
2023-10-20,51.24421521192043
2023-10-21,47.74693900662891
2023-10-22,51.70867307813418
2023-10-23,54.61804953669372
2023-10-24,61.53513913712971
2023-10-25,59.244516470288914
2023-10-26,57.728592501346796
2023-10-27,56.98830899629156
2023-10-28,49.78730694429651
2023-10-29,52.76819223494554
2023-10-30,55.34407650974138
2023-10-31,60.89601713806781
2023-11-01,61.930538234645795
2023-11-02,57.05208267390818
2023-11-03,52.78420755960939
2023-11-04,52.06074549277796
2023-11-05,54.593766471655904
2023-11-06,54.85760671735688
2023-11-07,60.36309612140871
2023-11-08,60.295531121202245
2023-11-09,59.499544497512495
2023-11-10,52.658699419902774
2023-11-11,52.29151687012625
2023-11-12,53.93209001600439
2023-11-13,61.1689243483773
2023-11-14,59.79112756567997
2023-11-15,58.8653689268001
2023-11-16,58.5493765253834
2023-11-17,55.30491682717172
2023-11-18,54.77316038682615
2023-11-19,51.80226650233334
2023-11-20,53.400102807359005
2023-11-21,61.24710201169646
2023-11-22,63.35335360252252
2023-11-23,56.82145249280711
2023-11-24,57.65975513668952
2023-11-25,54.578045940457976
2023-11-26,51.55963984905628
2023-11-27,57.37507441085803
2023-11-28,63.479455691674644
2023-11-29,62.47707986294232
2023-11-30,57.94681561245883
2023-12-01,56.49178499454558
2023-12-02,55.05239468876474
2023-12-03,56.88710290115567
2023-12-04,62.20952629446448
2023-12-05,66.67477847703721
2023-12-06,67.43780686106366
2023-12-07,62.477026435495574
2023-12-08,58.95858810544134
2023-12-09,54.347560754289475
2023-12-10,57.289181354328065
2023-12-11,61.87438813895542
2023-12-12,65.63137087979743
2023-12-13,68.59458613301618
2023-12-14,65.0786089397508
2023-12-15,60.47902183525418
2023-12-16,58.236781023874855
2023-12-17,59.222492272517265
2023-12-18,60.98656705672253
2023-12-19,65.73166654992147
2023-12-20,67.86141434633456
2023-12-21,65.13096615553468
2023-12-22,60.35875831676513
2023-12-23,59.06188611110552
2023-12-24,57.27491598165152
2023-12-25,82.54487349016551
2023-12-26,68.0530283325986
2023-12-27,67.86177028504845
2023-12-28,72.09702746978813
2023-12-29,64.15477156765529
2023-12-30,57.22364415154894
2023-12-31,61.133032551353196
2024-01-01,83.85014070017142
2024-01-02,72.36837520779315
2024-01-03,70.24853805357037
2024-01-04,68.07917080180137
2024-01-05,62.95065436267347
2024-01-06,64.09766495402334
2024-01-07,63.51701642022406
2024-01-08,67.41807367320754
2024-01-09,66.3413058377738
2024-01-10,68.77516738427164
2024-01-11,71.95063371573704
2024-01-12,64.37841751575124
2024-01-13,63.19221289381824
2024-01-14,63.05406764525328
2024-01-15,65.68404889763352
2024-01-16,72.67825550597924
2024-01-17,73.59983544789657
2024-01-18,70.30647074640878
2024-01-19,63.79972922811807
2024-01-20,64.99942664039683
2024-01-21,64.49688627173245
2024-01-22,65.73933599040897
2024-01-23,69.99325712078496
2024-01-24,77.4449942370267
2024-01-25,69.17262864678473
2024-01-26,67.43475523148466
2024-01-27,65.47280516183999
2024-01-28,65.5843809871853
2024-01-29,69.03147555074149
2024-01-30,75.41345714992045
2024-01-31,77.05623339252844
2024-02-01,71.06020867168277
2024-02-02,67.04577098362687
2024-02-03,62.426118261747185
2024-02-04,64.39488700443302
2024-02-05,74.01736073928102
2024-02-06,73.65629188919833
2024-02-07,73.84448076875644
2024-02-08,76.8788471556975
2024-02-09,70.60329010929031
2024-02-10,63.677163573615836
2024-02-11,66.91088235176339
2024-02-12,69.10289453347423
2024-02-13,74.40541602966893
2024-02-14,76.90457853111859
2024-02-15,72.24724100672277
2024-02-16,74.45630667403975
2024-02-17,67.63292702842828
2024-02-18,71.00355328560026
2024-02-19,71.84704895844196
2024-02-20,80.79866308000008
2024-02-21,73.99235107599957
2024-02-22,76.22515251194697
2024-02-23,68.10876966424868
2024-02-24,71.39210316338831
2024-02-25,70.78398618101565
2024-02-26,72.4820044898606
2024-02-27,79.15905218841391
2024-02-28,85.23935513216425
2024-02-29,73.76001992011277
2024-03-01,70.48677839179189
2024-03-02,67.11044981917347
2024-03-03,71.79586136271277
2024-03-04,72.2168338320824
2024-03-05,77.24232797187354
2024-03-06,76.87375391318761
2024-03-07,73.28453948401521
2024-03-08,71.11864809169153
2024-03-09,70.05583119525299
2024-03-10,70.59585944479537
2024-03-11,72.86182399156944
2024-03-12,81.26331838130392
2024-03-13,81.79285056050708
2024-03-14,76.54645371681382
2024-03-15,74.07531135232281
2024-03-16,70.61534536808989
2024-03-17,71.58005265088012
2024-03-18,76.70228107059471
2024-03-19,77.94796597204483
2024-03-20,81.43848543745001
2024-03-21,76.14760511117247
2024-03-22,77.84049516784877
2024-03-23,73.1300596823227
2024-03-24,74.73536113691438
2024-03-25,76.91856418486164
2024-03-26,75.35651962172385
2024-03-27,82.53263182774728
2024-03-28,75.64676462723588
2024-03-29,71.96474301176312
2024-03-30,73.0739803587966
2024-03-31,77.71519272756477
2024-04-01,75.61016517578221
2024-04-02,80.09358022695899
2024-04-03,82.52216660036557
2024-04-04,77.58263482799823
2024-04-05,74.65913048546686
2024-04-06,69.88117554747744
2024-04-07,74.00768407588434
2024-04-08,72.03375547077079
2024-04-09,79.87642697730759
2024-04-10,81.90682336679681
2024-04-11,76.00845602714085
2024-04-12,71.40438600201436
2024-04-13,73.06420788432013
2024-04-14,74.50411355363185
2024-04-15,76.13280632641431
2024-04-16,79.70182904773777
2024-04-17,77.75363444827578
2024-04-18,73.26755801935263
2024-04-19,71.40495679158391
2024-04-20,67.91615652200642
2024-04-21,72.31145137006324
2024-04-22,72.75495579856823
2024-04-23,79.0611553184106
2024-04-24,83.2749340765657
2024-04-25,77.17306682889921
2024-04-26,71.30492319642735
2024-04-27,71.77608042974566
2024-04-28,69.2089319140904
2024-04-29,76.43793633272686
2024-04-30,79.67940906773785
2024-05-01,78.61330561625822
2024-05-02,78.5818952164902
2024-05-03,70.04669878040167
2024-05-04,70.93422154029071
2024-05-05,71.24397630296305
2024-05-06,76.16002515803774
2024-05-07,78.23818841356496
2024-05-08,81.50166098635582
2024-05-09,74.48412325298531
2024-05-10,69.59933118823533
2024-05-11,68.53361811669734
2024-05-12,68.71552976334951
2024-05-13,75.18191533048837
2024-05-14,80.28608636238367
2024-05-15,80.3476824054452
2024-05-16,74.99722400133464
2024-05-17,72.53142597179934
2024-05-18,70.9129511664168
2024-05-19,70.86634318619538
2024-05-20,72.87352642243607
2024-05-21,76.519372192657
2024-05-22,79.36956196040262
2024-05-23,75.05270102100339
2024-05-24,66.90212033999549
2024-05-25,65.82092950682623
2024-05-26,66.42182723926653
2024-05-27,73.3401014544268
2024-05-28,75.0326046936787
2024-05-29,78.17638497482132
2024-05-30,69.1679991815194
2024-05-31,69.91602907787423
2024-06-01,62.49268860947645
2024-06-02,69.76145569446776
2024-06-03,69.42871310815337
2024-06-04,78.24868028929349
2024-06-05,73.18534520324043
2024-06-06,73.50487854099045
2024-06-07,67.36467192053246
2024-06-08,64.16974010839296
2024-06-09,62.7941132997844
2024-06-10,71.55798051803419
2024-06-11,69.55943171141111
2024-06-12,72.7759982035073
2024-06-13,71.64957905919789
2024-06-14,65.61947124044117
2024-06-15,66.75699990791983
2024-06-16,63.354486562997685
2024-06-17,65.0967416645066
2024-06-18,73.51160684331889
2024-06-19,73.00614004965153
2024-06-20,73.7831889930729
2024-06-21,64.7407860004766
2024-06-22,63.7305305166752
2024-06-23,65.84045354545589
2024-06-24,68.15316182676798
2024-06-25,69.6043437567632
2024-06-26,74.0040369742664
2024-06-27,67.96227327444703
2024-06-28,63.64129174637951
2024-06-29,65.71263753138652
2024-06-30,64.31104433965605
2024-07-01,62.852888086254296
2024-07-02,69.2881960834022
2024-07-03,72.93469249799611
2024-07-04,66.82337570108447
2024-07-05,65.64209177023749
2024-07-06,60.04656771238302
2024-07-07,58.98264175334852
2024-07-08,64.0696380123451
2024-07-09,68.44439530421359
2024-07-10,69.9969187685965
2024-07-11,66.72765228966962
2024-07-12,63.97000804349072
2024-07-13,55.77982163627611
2024-07-14,56.732846434745106
2024-07-15,64.74424499746198
2024-07-16,68.29493609724827
2024-07-17,69.94290304036375
2024-07-18,63.76965388670375
2024-07-19,60.968957247185045
2024-07-20,62.228368233322904
2024-07-21,59.28499153438468
2024-07-22,64.86315962439723
2024-07-23,64.27087806178024
2024-07-24,67.1417366567808
2024-07-25,63.55812058607732
2024-07-26,62.29002282897398
2024-07-27,56.1104696004544
2024-07-28,56.428315979047454
2024-07-29,61.4008508851639
2024-07-30,68.10687404758912
2024-07-31,69.55052628477014
2024-08-01,64.22139774040055
2024-08-02,60.168296456475765
2024-08-03,57.43899673135854
2024-08-04,58.03558011590902
2024-08-05,62.80559068817272
2024-08-06,66.02539415437126
2024-08-07,65.82615457499475
2024-08-08,62.49074547690183
2024-08-09,60.816606862497935
2024-08-10,56.97291141689665
2024-08-11,54.22672300984451
2024-08-12,56.7757973259221
2024-08-13,66.65277139144682
2024-08-14,63.36080514761266
2024-08-15,63.675582975606574
2024-08-16,57.26514306884917
2024-08-17,57.07025359911374
2024-08-18,54.76175962596233
2024-08-19,61.28900245532462
2024-08-20,63.01891589376132
2024-08-21,60.74082028775791
2024-08-22,65.90909683773792
2024-08-23,58.561766705902045
2024-08-24,53.68769676502977
2024-08-25,56.216985803681304
2024-08-26,61.60186136464723
2024-08-27,65.4714406435007
2024-08-28,63.21109519677598
2024-08-29,60.97604271866999
2024-08-30,54.932391136039215
2024-08-31,54.468410231281375
2024-09-01,54.69426321186209
2024-09-02,57.317629406880265
2024-09-03,64.17276065384279
2024-09-04,64.46998200644114
2024-09-05,59.301136817192585
2024-09-06,55.43558547785141
2024-09-07,50.95493519792716
2024-09-08,53.66086373117617
2024-09-09,61.074004278340524
2024-09-10,60.21008215544719
2024-09-11,60.51568281665027
2024-09-12,58.87553137665444
2024-09-13,54.176914125975024
2024-09-14,52.16017961776871
2024-09-15,55.7756150828735
2024-09-16,57.392249536676246
2024-09-17,64.15731845092901
2024-09-18,59.286925956018
2024-09-19,60.31088141823554
2024-09-20,53.8561355533537
2024-09-21,52.37310395952294
2024-09-22,52.852010049498936
2024-09-23,54.63826202594056
2024-09-24,60.41934316781964
2024-09-25,58.262616545556114
2024-09-26,60.76459545982243
2024-09-27,55.44954766679724
2024-09-28,53.089562003761586
2024-09-29,55.71902009290378
2024-09-30,56.5132174608026
2024-10-01,64.14297028857948
2024-10-02,57.366783260385645
2024-10-03,58.31794742941262
2024-10-04,56.711066606614416
2024-10-05,49.99529171570914
2024-10-06,53.97886656493223
2024-10-07,52.65982637571327
2024-10-08,63.111569768836034
2024-10-09,57.21869083598113
2024-10-10,60.19117191709458
2024-10-11,56.94718038930675
2024-10-12,55.91198190522412
2024-10-13,55.17924852949185
2024-10-14,57.12609367705338
2024-10-15,60.210332248512685
2024-10-16,61.292713842788196
2024-10-17,57.25064629507155
2024-10-18,52.52898307923491
2024-10-19,53.25013460994076
2024-10-20,55.042289470519165
2024-10-21,54.90867349405894
2024-10-22,62.38498575199595
2024-10-23,61.11441158553984
2024-10-24,61.419277217341886
2024-10-25,56.736323625439965
2024-10-26,58.89930563758299
2024-10-27,54.609778376181296
2024-10-28,60.81572138074805
2024-10-29,62.33890665238453
2024-10-30,63.9300510909378
2024-10-31,61.73181661839071
2024-11-01,56.50263090244526
2024-11-02,50.68997982529832
2024-11-03,55.32712427341676
2024-11-04,59.73669048151128
2024-11-05,64.81768782272118
2024-11-06,66.61367393602002
2024-11-07,60.13552898805451
2024-11-08,61.09662338077413
2024-11-09,55.35916596575661
2024-11-10,55.945797984806774
2024-11-11,64.47352403689473
2024-11-12,67.98919624824124
2024-11-13,65.53791362462742
2024-11-14,63.28534462007888
2024-11-15,60.20475178291493
2024-11-16,55.662869224923504
2024-11-17,57.37666414646712
2024-11-18,62.520711277005056
2024-11-19,65.49047336802286
2024-11-20,67.10376433742876
2024-11-21,65.48985062302584
2024-11-22,60.735208519383534
2024-11-23,54.74770821797164
2024-11-24,58.47181058951175
2024-11-25,60.17221091112626
2024-11-26,66.21303728050715
2024-11-27,68.77474566252027
2024-11-28,62.886767836850645
2024-11-29,63.235772636621796
2024-11-30,59.69892254675502
2024-12-01,60.602756689052114
2024-12-02,64.0865327059449
2024-12-03,66.65340260745741
2024-12-04,72.16304502763475
2024-12-05,68.1737021315812
2024-12-06,58.1308651695072
2024-12-07,59.120018928159624
2024-12-08,59.64465213201209
2024-12-09,65.62242354371554
2024-12-10,66.20241350645102
2024-12-11,73.0650239283043
2024-12-12,68.02391510912956
2024-12-13,65.31471652967942
2024-12-14,60.982422898007776
2024-12-15,66.16461708882984
2024-12-16,63.61106964312995
2024-12-17,71.18299987817984
2024-12-18,72.93689964034586
2024-12-19,69.3442002025367
2024-12-20,64.21921685591116
2024-12-21,59.391565423362735
2024-12-22,63.76012962228991
2024-12-23,67.82243272627363
2024-12-24,72.6253280317128
2024-12-25,90.98485732357226
2024-12-26,68.56500699175909
2024-12-27,64.51102559312729
2024-12-28,66.05595471907117
2024-12-29,66.4017559256413
2024-12-30,69.2160785047702
2024-12-31,74.1093826084579
2025-01-01,73.46595690072154
